{"cameraMode":{"drawMode":0,"name":"Shaded","section":"Shading Mode"},"sceneLighting":true,"audioPlay":false,"sceneViewState":{"showFog":true,"showMaterialUpdate":false,"showSkybox":true,"showFlares":true,"showImageEffects":true,"showParticleSystems":true},"in2DMode":false,"pivot":{"x":3.814424991607666,"y":-1.1989421844482422,"z":-4.469820499420166},"rotation":{"x":-0.025540295988321306,"y":0.973621666431427,"z":-0.17900198698043824,"w":-0.13940545916557313},"size":6.977488040924072,"orthographic":false}